0,1,2,3,4,5,6,7,8,9,10,11,12,label
0.6487082633482497,0.556605623016032,0.47591477206518495,0.6045985515089359,0.2963124338527725,0.5754397373060182,0.5902394301719853,0.9948382933408557,0.26060552161364625,0.32683953430946355,0.892040014450632,0.6533985631968694,0.44962253269511376,0
0.9541011900076815,0.6081563848245961,0.7932874504214553,0.3759286775633327,0.8543609098104057,0.6596432126580183,0.9121126905406785,0.11783627584779766,0.6032463348791606,0.6459415166902872,0.11505348870040599,0.8608703328183592,0.656278811884807,0
0.6187621910580761,0.3657781509439765,0.2325658599597501,0.4341786658677763,0.8004694978072597,0.4931362016780466,0.3863093728964566,0.298685717721876,0.1823319758885361,0.46403879192670194,0.44999825727151144,0.5714791400850298,0.9493555160332338,0
0.976243326838628,0.46270267259157916,0.8507618191219386,0.3471619874860735,0.8488525385865978,0.6984327739095251,0.8667040279605167,0.552660089552431,0.7230153255196957,0.3723609820936147,0.3963044936060308,0.5490000757606857,0.32120161700732686,0
0.7654569724592092,0.635224032274593,0.5250628119022548,0.009489811574031726,0.5813028591446328,0.7185894090499119,0.7496007054934398,0.1346436342041939,0.38856900998328003,0.5505243613804031,0.4084010545874911,0.797959175215591,0.7530482122907987,0
0.8506757757809676,0.5479464973318849,0.9844186365687648,0.4866655730536247,0.45603712158155574,0.9264518956569717,0.7584128157011989,0.0848359870014711,0.547679544600481,0.48970813784256795,0.24681299629919695,0.7072003547723351,0.4096958473154495,0
0.8568138814007913,0.9547932687360522,0.3330890084168068,0.8906301659978981,0.5723331078830997,0.6770720571481332,0.9889116810975851,0.5384141080661752,0.5462332891041093,0.24991811243502704,0.7899869886722293,0.5218008137317086,0.8544651662572789,0
0.898648310677721,0.38399888232632595,0.6300519149966639,0.34766955300095714,0.6363199126893372,0.881989289824476,0.847732436489749,0.6452000818213343,0.13277474999796002,0.9160069833507768,0.6351215166500624,0.6269617196965918,0.7132229486691581,0
0.703315844593342,0.32237849914921524,0.8748637949705661,0.4208393070846863,0.6405947368775633,0.5074383074126435,0.48161083234252466,0.9126019950397725,0.7077261192579086,0.3110346153861102,0.8274150295159169,0.9019330445383688,0.7510218045203743,0
0.8312625279029596,0.574309481355875,0.5504389083767011,0.905499902627434,0.5551562173439657,0.636691108144906,0.7815068927973939,0.9366149111938257,0.29965493265490817,0.24266125678557682,0.7408074173584526,0.6804756680513769,0.6428344218114204,0
0.9648593630566145,0.34693743126544785,0.7710556615488664,0.6946714904163788,0.38989895825201804,0.8072082340361338,0.443255316936796,0.03667779329822296,0.7177847590051013,0.45648232561731084,0.37517925455495915,0.7453144891802717,0.7128468125312211,0
0.6466504644206322,0.20616863121138929,0.47577182774329607,0.4626671132455167,0.5697872781582867,0.9070179070759957,0.6903462638729168,0.9885597393430243,0.11854306277618898,0.9117650321070713,0.8993430108732766,0.7822879717612518,0.7016506814785318,0
0.8515325492439381,0.6389362020168239,0.5640909630639578,0.00017020139138790302,0.4435768624400732,0.7906558741200326,0.6931840649926451,0.14652148676218846,0.6704485221892362,0.646283683851367,0.5042639182365327,0.4418629622747672,0.580101011322918,0
0.7495263568987163,0.4249330250611818,0.9363866139615289,0.25120616676288876,0.23889635606095938,0.9365475129668064,0.8609785491037435,0.988862851472099,0.9229612704496579,0.3930905297991174,0.6984222739832694,0.6543438453036564,0.48965499187109096,0
0.4959468737147683,0.3551808735518496,0.8463484693991616,0.11798973029533844,0.6351194675157207,0.6689586882147911,0.45631555478009245,0.20830842433879126,0.49348313299887137,0.5899708391722414,0.41391550349236095,0.541701256151723,0.43947653139295884,0
0.7683921631810258,0.09675805607482835,0.6577425700714469,0.7989669705271063,0.5959932798006613,0.7685123008436514,0.7968962774286619,0.5993755643428231,0.7233723955786665,0.4551231999025769,0.5077635699000175,0.716006291790574,0.6131069812234635,0
0.8509796943231832,0.9459931987295982,0.3275919967916645,0.19010675996776805,0.7013173208202123,0.7286280662773247,0.853994112776651,0.6922701173783342,0.8152742929591527,0.653056151937311,0.2932182579428263,0.4934258307016143,0.9701820652065387,0
0.8413485125750182,0.23873536804155782,0.8513542265003583,0.0886510636024549,0.8063596476439381,0.6783774522203967,0.9153722804882181,0.5545418987458024,0.7424497692474298,0.663331665441604,0.24010307241083717,0.9543318021918458,0.6218196627500268,0
0.8114683575536862,0.5376800015159795,0.27919738600082566,0.3255324979935962,0.2726860007626897,0.8148341879815529,0.43379690782062885,0.48987054577509626,0.5262457250980352,0.7614805355869606,0.41597357543382574,0.6266322570522245,0.43168977535943687,0
0.5595632612665913,0.6193803730731944,0.9209308607850208,0.7047612642663811,0.912204525172402,0.9099652068507977,0.5511245748248318,0.23284315827578317,0.09829039703451714,0.31847845396732655,0.6520274524252945,0.6841756362804406,0.8756823059980121,0
0.7597384885083858,0.08968369115229491,0.6843317446495951,0.30293958246070474,0.7089723611289422,0.5256127637005372,0.9937377580816349,0.23452271764524601,0.09789698435603067,0.7813841596494491,0.9362678494826998,0.479462990852903,0.4418331692336259,0
0.5937782296078817,0.30401996692126265,0.32182820183714256,0.5254929502884399,0.3360962965365546,0.820266396163865,0.589330677632665,0.41668945584101014,0.4417454244356429,0.2515533142021015,0.8962564579232054,0.45258013795439667,0.6890990207690509,0
0.7774473201258776,0.7429842888665705,0.9576787231559438,0.3873976862316747,0.8143264553728531,0.8932262130603614,0.8844213877025835,0.8376428660348706,0.5043507782955229,0.6935372460997803,0.6122033242466308,0.7171189284357787,0.4600179173909139,0
0.5255510747390421,0.2279573829432373,0.2913782166134693,0.4461478874188479,0.6906968460410537,0.8306400107643407,0.9422744906506497,0.4054631593392476,0.3935398231076288,0.19385928760337212,0.6001125266204602,0.7208489269218787,0.8645176967286226,0
0.9384415086454233,0.12157413563943531,0.37908235313720595,0.196756392702509,0.509625482025998,0.8071585837656644,0.34434318456273916,0.3434104060638342,0.4085150373109566,0.6695663093233872,0.30750995205103215,0.6942045938491667,0.9102411086177299,0
0.7200877970339373,0.9605375580207356,0.3610050242677948,0.06898276708636342,0.5497862705013115,0.9059552073292729,0.8780120191742966,0.5561118953810362,0.035142851267055186,0.7208826030019817,0.5894997108862886,0.6536286727886522,0.650251229465728,0
0.7761256214073932,0.11716367835892472,0.45282874474139734,0.46698027314898694,0.2634156555030025,0.9795427978582734,0.5515173222805636,0.1336314868470867,0.20946782696251254,0.8597484072859531,0.2899435236916984,0.5610954073120152,0.5868105875979184,0
0.549364494797484,0.747747867357059,0.6627486364157351,0.337030007910494,0.8271704366368454,0.8760161294879779,0.5662540345528536,0.6775065151362529,0.9579187534606842,0.9513243701479599,0.3134827009530734,0.5246252347357488,0.7916254727994083,0
0.9085412758053776,0.6225487896917161,0.07476379443698877,0.7115884557699085,0.629365141233814,0.6208012995986102,0.5852443477304217,0.9659168631280137,0.6326848868539435,0.7171889040201965,0.4233031136271148,0.8564475207431096,0.6648431035238338,0
0.5553696878370882,0.19731553962534132,0.4072416225504798,0.062208103480582366,0.21231448091400484,0.8399106807827708,0.9707541586119499,0.5075807152215255,0.07846566977965053,0.9177169562302877,0.5082965837170629,0.885522142439134,0.8415380537216823,0
0.6277129413117403,0.7202957681768127,0.09453822215117647,0.3750626053318934,0.8234150137838057,0.8659242191431348,0.9895226334031328,0.3345402221177579,0.899285420024217,0.3494269132833905,0.428281011682934,0.8924203307792338,0.5996375505802767,0
0.7487118131832424,0.5942490568584811,0.08228642732706237,0.5315551858307949,0.4915649922951344,0.5152124752153404,0.649189484710161,0.12322346295672071,0.5575177062512665,0.9887681916576365,0.7368268116109381,0.5130926466229095,0.5648199981182548,0
0.8522463555682515,0.3241160843926322,0.08657943007443503,0.8392970336770879,0.3642217066811364,0.7785150612339151,0.848391396869499,0.8342491359092625,0.7210412371813677,0.27886930335212523,0.9138845933685735,0.46183921588509624,0.7885794893109986,0
0.8617187283897266,0.8635929274626999,0.21300455781139382,0.6177889857264127,0.9518590430023052,0.8462435831228438,0.4480819740836044,0.1546352513202368,0.8816411637061737,0.9109004662304954,0.49073856697278484,0.9856699106577731,0.6965599871851533,0
0.7661433486806057,0.21568739451097374,0.31735111175835207,0.8287825417224526,0.737462055719935,0.668905945406912,0.7981047807439426,0.2686790705673574,0.025848918482424987,0.7242347501916918,0.6887098558493049,0.8893049606910468,0.6957464204222262,0
0.5332128877244103,0.9089775027864362,0.6264960933979822,0.37104250685319606,0.9872014866605384,0.6406128985573102,0.44534940209762064,0.6110785711370014,0.6924611471863971,0.2236098656650619,0.6623329564686811,0.6986862501101982,0.7183692303261984,0
0.5717349629491817,0.7565358887172943,0.4463410677104852,0.7717333274258312,0.68833937187055,0.965025876782299,0.7938476550106582,0.09154466892065083,0.5127357362439224,0.7086300595291332,0.5493713203604189,0.6025755922504252,0.8590699484851031,0
0.9634567350861164,0.221684686367558,0.5822837122866243,0.02016183394369131,0.5082813218572169,0.9337241258734766,0.5445322572924728,0.37091428224550194,0.28421000644741345,0.949221306547424,0.789495873450499,0.4725120745304777,0.9995708399451974,0
0.5577627808266704,0.6205027689346897,0.3319107226893788,0.84648019956639,0.6816166975409239,0.7149350165355162,0.7596476319182617,0.10390618022493958,0.3716208222322106,0.8702472619697423,0.7234028779127392,0.838958865827608,0.7793331473152018,0
0.5850276611455651,0.682160535801977,0.09585174188536116,0.7333182032278688,0.8941163855941562,0.6797850432183444,0.5274593010115867,0.7529616872569366,0.7297589539037858,0.29356549112525343,0.9665029719316881,0.8961747052020751,0.5425361933586316,0
0.5671862710827277,0.6123043674296761,0.11045112462308115,0.3770473964267147,0.8318898371891031,0.6076629212673653,0.9524957204605271,0.18593139004280068,0.5392150798310941,0.678657891321904,0.22710479973059505,0.7587294608515894,0.9127745903505192,0
0.6402593729528011,0.1062285362493347,0.39790531923914474,0.4072008222047053,0.6931158247609522,0.8184080199253646,0.5041678949944605,0.6157391418006211,0.08166284168435523,0.24672194375003265,0.29955861592391975,0.7083438219892735,0.6542395232919151,0
0.6025650091193742,0.8707528334393885,0.5194732186201337,0.15020808693761512,0.6848187600196347,0.832108443877812,0.9801675349514811,0.06841084625592053,0.33829161631544435,0.7955036967959185,0.23688731244813366,0.6149654690505679,0.7794255010910005,0
0.6617177668522337,0.6970783585524012,0.9182364457369674,0.04445850908371629,0.4887283675962317,0.789472658026775,0.5726079118927918,0.13910213401162175,0.526671546755728,0.21760672751414056,0.2505287897698657,0.7051861413356088,0.4426227401812326,0
0.7993084053676554,0.12520397295086072,0.08446672232869878,0.2054023020165694,0.8467677887888955,0.6380997064207494,0.7187294736162125,0.9279315640476684,0.1208745582927172,0.6085338094848735,0.4796209607742751,0.996200288941087,0.9253942684808145,0
0.7129212291344013,0.4205106067116914,0.642956248214745,0.7982430924337864,0.5910945942432317,0.9754597570740429,0.8643302339269976,0.23376901988034482,0.03833803752618126,0.43692610022196554,0.5845523992815339,0.659931893889432,0.5638623554616476,0
0.6620620057379354,0.5778164820150958,0.8757907819583162,0.2391324669728565,0.3940186989274528,0.9441637512454035,0.5150966103573574,0.43226302671378547,0.7412021101606944,0.6930233106833081,0.6000402768521794,0.6349684510740475,0.5509153759252232,0
0.955620059147343,0.4315052700285219,0.6560220511469828,0.10148338810573976,0.45193198626052056,0.3845484411027741,0.5113421731084228,0.3298276019482713,0.9446057762879356,0.3192011438320449,0.5918943138928846,0.9517559164074629,0.5372496179567482,0
0.8650356101791667,0.289520045816719,0.8181595276331076,0.08235375540032819,0.4698999395348248,0.8967424629035321,0.5127950777683986,0.27112436149801455,0.9452704462296969,0.6575851693074481,0.4394398071956407,0.8229379671737209,0.4898897497984771,0
0.8784841480403245,0.545712895694336,0.7870633289764983,0.8737725966599119,0.8933957151783373,0.9781063865012768,0.6199805791852049,0.2631310317621238,0.5581501519309777,0.7749708829061784,0.28909899922129256,0.4809355308261757,0.8872697377635694,0
0.6299022653900176,0.724966884352481,0.6604322534161293,0.6994851002594942,0.8728885902972082,0.7998406163402115,0.6330742273711455,0.5973528134575707,0.9770314205909428,0.46242331872757303,0.6356622727611374,0.6619318738078368,0.7484771527941725,0
0.743108030656438,0.1934772935279102,0.5141569169125245,0.0763823861266173,0.5873355353452728,0.36925365014630473,0.5501172024780854,0.43851643069012636,0.009530346796939093,0.36083513462696226,0.5198626971303181,0.5421712040869021,0.7546395178838646,0
0.4788799603164573,0.869748900026219,0.853929745782688,0.5613185211246585,0.8670654743558228,0.5892529989912568,0.7922105040030127,0.0682732807047357,0.297507279860743,0.7871472212081534,0.4645290675427832,0.8973105718013212,0.9086244613521405,0
0.7263980741243857,0.5972542669764023,0.4088987276251437,0.4393173384004513,0.7373283666840653,0.7052116394187478,0.6229009687317427,0.5240916677692753,0.1391631957499878,0.6216740476748415,0.811338370669048,0.582516512423251,0.5255571347361102,0
0.8350097553980212,0.7658550090468772,0.9070686226605796,0.5531386546159045,0.7934052048269671,0.8008218735068132,0.508349668808584,0.3295936520175595,0.8475932788228823,0.6236382266726909,0.9461259636718071,0.7512564162968699,0.6531439007104611,0
0.9169147289590919,0.13792232276617233,0.709998916879243,0.2840809072631113,0.6499708751366645,0.6690147506437866,0.6080998216379578,0.9168108844777186,0.4401993813125725,0.48019451275830594,0.9076986375961207,0.548250945113054,0.8988004437225572,0
0.8851472739380436,0.7645074513683623,0.9275332719646591,0.07582049417218906,0.9123281316367684,0.36457038580146195,0.4562920233151677,0.21138267152046886,0.7932505063005272,0.6940408507998275,0.5631391800315008,0.8422496592127244,0.5726031905906395,0
0.7960130583294525,0.53071732557702,0.902673427312293,0.6457699612027924,0.7175151230888845,0.8294276643403219,0.6281562052327622,0.09082239863479213,0.3157193657272219,0.3635262751339864,0.405161408765511,0.9217225962499375,0.5776548742340514,0
0.7902740978898558,0.9970090111786074,0.5010622959507272,0.1766153346846413,0.3070428495186406,0.4991759187885403,0.4485087999638928,0.5677992373863981,0.1756175666877965,0.620490521124347,0.5745287288948681,0.7090358728618715,0.9946913546239092,0
0.7153981877965225,0.5983876767390706,0.36548159395760627,0.09649036152790791,0.29757113502234556,0.4092871594216678,0.6518604959170091,0.21526321946577598,0.4783928507799442,0.5358742421818322,0.8164341520909784,0.9870376514791132,0.6687441541667906,0
0.7544168690075748,0.22503552820349748,0.18376501944338186,0.22544260276575012,0.9851906246597181,0.8378098965909879,0.9121149202006068,0.5918100824583615,0.8528000487529489,0.6185022007621226,0.48189014255242923,0.8488795790110301,0.6284190507081779,0
0.7069831538934229,0.8470955407985161,0.694050179299521,0.9555037277925187,0.41319775085650456,0.5106957537698675,0.43191960290890274,0.5192937186959223,0.6159369323838318,0.5496442603646606,0.4309603811288285,0.9948421833243306,0.6527983051684006,0
0.6397878222176248,0.9624254031913806,0.08740203632862265,0.6905054533208729,0.6945020369605028,0.6765009210532625,0.5472058928690877,0.6214598243990386,0.9258728521391906,0.5284526155645346,0.9214654192488575,0.7643818836568116,0.8042212386503076,0
0.7924809454942164,0.15149234898858221,0.30274359298438314,0.17105882320633914,0.636692572291086,0.8168964858921656,0.5426899612436401,0.9687968227231383,0.49423426712504803,0.4652960157922481,0.8848449128029177,0.9361196051982613,0.3638360076849346,0
0.5338012747818407,0.31997843542329485,0.9915311731067171,0.12590476095607184,0.20930062125001936,0.5948092992632651,0.6412769662085476,0.6848822086792239,0.12233953110131335,0.34259700017334616,0.46388597777135165,0.7944565188626579,0.7070519652583386,0
0.59953016405514,0.737918443334056,0.5901590620857243,0.8792093488895789,0.29086717022065667,0.726092216928227,0.8272707682681886,0.4891319442271477,0.16308327543502876,0.4526379324711225,0.7261307910666809,0.9588652734883765,0.43635799784580376,0
0.8308925666202047,0.9494572762173026,0.4969981591009275,0.4552469008863784,0.9678881666020257,0.9328424259425097,0.9100009478057993,0.136016569726509,0.28848778572580247,0.886331346876974,0.942870597403796,0.7110806052148759,0.8070069404118453,0
0.8120409676088003,0.4258578843461459,0.10829814372534696,0.10514013706306524,0.8453899046511423,0.5764739927984872,0.8805653585423858,0.6166496006080913,0.6934832889866538,0.22076586477721072,0.6591497025900134,0.9438974442897626,0.9234661830241465,0
0.9909374710712245,0.5398846027803301,0.9146681997304419,0.1442362444663179,0.2849983837088147,0.709781571570867,0.6752194871669416,0.9088178356653559,0.3061999682343075,0.3013338302188867,0.488023519450159,0.41974766661528407,0.8767082263577625,0
0.7915827784937429,0.3547885364156764,0.8258058858074082,0.6623332959483449,0.7492205116856264,0.8091107513364815,0.3948635856608206,0.25043227354894426,0.49932640134371176,0.6650816096681839,0.6429185335402603,0.48179255041142877,0.4831179839697324,0
0.6464895430897781,0.5250432704157664,0.3847518028959491,0.47841121232891004,0.5840705375286174,0.7907369232960196,0.9429398497160972,0.21676303707427758,0.7934142092065045,0.5555656557281348,0.4682066925448093,0.4974799821872221,0.5059894924766742,0
0.5381471938501273,0.6456003685564957,0.9078426190125454,0.1282531618294952,0.42121114735103804,0.6696849335823685,0.890048063850523,0.8629049287762636,0.5592694455539744,0.28617129978598266,0.5186447557413001,0.4342055535592161,0.9077841776173853,0
0.7402049982736696,0.16476081094092443,0.8129534463736573,0.904978687572176,0.41355841426336315,0.5602960467480567,0.9767952097113234,0.10043682755985806,0.43406315047734245,0.9552438795730124,0.6929987160098922,0.9059126511630996,0.4297873727598609,0
0.9614781678209687,0.4003587279982588,0.08228142514599845,0.8124934489739268,0.9494661165907431,0.8642331980737976,0.5510546267677611,0.4670095161509261,0.46078974212888635,0.41548749203895197,0.3880885690993706,0.945057762621465,0.9393316017649616,0
0.6661212977240208,0.760608920261273,0.2895461562557692,0.0036998599308500912,0.6117125232306577,0.7533470449407517,0.909562572051743,0.9806801854498315,0.3227329555045987,0.6342159440061321,0.6791787594100488,0.8417258223265887,0.33971587755861943,0
0.4821917142179605,0.24800840977842142,0.11222288181236995,0.11879277922571208,0.4465143021144119,0.470438619512487,0.43878235488385253,0.831020398177116,0.6506780102597189,0.7274802040422712,0.6415126217998666,0.9183274035672853,0.45503119175611506,0
0.7849296706335723,0.7214905836547532,0.8967864602169449,0.17191580153650998,0.9475811038198582,0.7935688200848636,0.9188824075005448,0.4164952372730808,0.04121145915739821,0.4356729493568223,0.731071566871122,0.6321707954965258,0.5829993808601521,0
0.5252636737606667,0.44274798533952575,0.8689715920738482,0.49795439543836584,0.5903561015810769,0.5240662324734209,0.9867438201435179,0.8657389735556771,0.04410185144866785,0.272136718969184,0.4424296975859495,0.8917551536997197,0.6011364804418401,0
0.8139096505240534,0.012586634829045762,0.4524380045857561,0.26042395529016804,0.5093561284273832,0.8622902137604327,0.8247057331412965,0.1283688842270223,0.827236207950208,0.6488361964212475,0.8819208947089799,0.5824332180687062,0.3974037823448695,0
0.7071890565374696,0.6313343452673046,0.4364229621808572,0.058510941554898,0.2945504814841221,0.6005894675219342,0.8523651142485136,0.02269680091114057,0.38400331266010435,0.28027849636293156,0.2643268555641005,0.7148159837563739,0.560817645225701,0
0.5083339310552117,0.49693298738892877,0.7540283304079568,0.3492013365858031,0.8899681430227891,0.7600553243534544,0.5504642185257284,0.3242574172515249,0.24151090618219073,0.7328766933971962,0.8554480051202836,0.8086664299891176,0.5051188119869783,0
0.8751880655271169,0.2359738626835769,0.15805041263059616,0.5968035736917101,0.3505517253933573,0.7919731888347945,0.7844638338940262,0.6472010804529279,0.4156000983939757,0.9700175768015267,0.8791984111531909,0.6400220392644173,0.8247287864670059,0
0.6407877339924666,0.6140322641340862,0.16682320371235582,0.5172781306406713,0.5083921268894808,0.6668274839149775,0.4257471014405865,0.0648008653700608,0.03428649220437585,0.6839305222881485,0.403632669642352,0.9467662937062864,0.8454183857357629,0
0.5545433320766077,0.8039436814153126,0.7184324565351788,0.8064686478963532,0.818791392424503,0.6537397624188809,0.620137234087264,0.33791986299337873,0.05530614247822918,0.5376803643505403,0.26979012544735614,0.8079399474927702,0.5265189295509684,0
0.5780677424103335,0.927600578223112,0.018481677074887792,0.5976895807063227,0.44227326642892684,0.8808242223116398,0.9496661042973887,0.19206813219764518,0.3557192491817258,0.7648379559980735,0.6071345710267286,0.7094117957793376,0.7149760652618949,0
0.7881883370259607,0.9269455029138802,0.7991879257440023,0.6490737034707509,0.605110222219703,0.6676327399823216,0.9966465888648531,0.6014858447177965,0.02971302282479449,0.9488989173648845,0.8633441272391571,0.544627948663013,0.7956214054893723,0
0.5442269023453961,0.8141467976430392,0.049180015495461804,0.7844819616741364,0.7966401885466818,0.9303615701503799,0.5145363965192578,0.03166698350581143,0.4722761707340837,0.5709028540043373,0.2761496463854922,0.5497251199082455,0.6434948092422818,0
0.538602568384853,0.29176820869314013,0.5911915110637509,0.23420472390029667,0.5067367213850537,0.5732759085365488,0.47467233132960684,0.6376548335537823,0.8908416889854158,0.8165914208494952,0.8058061489787474,0.9370885515210767,0.4589671867087951,0
0.9228086323329413,0.9591001626531849,0.6060662607263931,0.5885955473272285,0.48294932151715575,0.92553445183087,0.719654798190059,0.24044359919378677,0.5916398551880138,0.47157281773778614,0.6749456310939549,0.8739200890891435,0.8832567865660249,0
0.8712229646674966,0.28504024424589647,0.8737925717553237,0.024488727250895903,0.9925405640596109,0.5695210963404879,0.8068699652687271,0.581667002375761,0.854927298761988,0.7653897650438376,0.34146361031563777,0.6491911343187465,0.6674917413108676,0
0.9125556931362155,0.3104345654105959,0.83564252620139,0.6733163280613248,0.9923480418859452,0.9563647432631444,0.8968852619641954,0.7840072541518073,0.6176230611319147,0.9370901535144271,0.6992227145768027,0.546018997518755,0.4547122784156007,0
0.9500545294755787,0.8358492995515147,0.5208511583829235,0.4155572893193238,0.5605273714602512,0.4321259661064296,0.7984143151217499,0.07171347514901527,0.8901475476867151,0.5242700269710543,0.2981261386202181,0.5546359509595438,0.7511891216735194,0
0.48862290976520895,0.7069671197843584,0.23528225471145447,0.3928505014297172,0.6246927008938694,0.8903539520318907,0.42596820139961356,0.8877381196260067,0.4993636426914727,0.563075126764993,0.4962189870226984,0.45876578936347845,0.5293358499988984,0
0.6084585096284078,0.8750482329511826,0.5351167063229918,0.7915906823686454,0.33379750917919426,0.7453526864236734,0.5200330740264932,0.9696356930722653,0.1309275460392726,0.611089918208162,0.4563163244487649,0.9779623817991799,0.9456721803850533,0
0.9537120566680247,0.6267141924700576,0.6500698081437329,0.1643585028207567,0.9336349179310938,0.6761330058160745,0.9638190248086584,0.026271115227052277,0.21423851281814066,0.8399370656488837,0.4238405873674185,0.9255549418545633,0.6696543161070556,0
0.7067317462422383,0.29898797885319917,0.2053667930870453,0.24909197654901694,0.4824805904868995,0.853779270005452,0.5076786819072362,0.7026512958901922,0.1547066189386097,0.9195539564863223,0.6487530854645822,0.9933109252070881,0.9070290830861323,0
0.5979851282957205,0.6563972510700132,0.1847233405647537,0.25269094164092654,0.8261708086645619,0.7864719704570576,0.7912659103846101,0.43321140493222887,0.0624749983071744,0.5564611241743963,0.5721823197314982,0.4612834813060577,0.49950539280464124,0
0.7229639493259035,0.5839395472353035,0.9288812239334688,0.4588621760090611,0.4908393074456947,0.7327465243242928,0.8960609453073122,0.8484806382959219,0.9843290906017083,0.6939742748591601,0.2982375617140445,0.9834730830763223,0.44188272782907356,0
0.5673487853334265,0.5257842165565856,0.7164851351248493,0.36149273727484477,0.5244572799352025,0.7340144267860211,0.9621314134285123,0.5362074910842739,0.7877179024940252,0.9836009070769758,0.8029250945145928,0.9202666652772221,0.9364632905185791,0
0.9771376344867391,0.12693961801410714,0.06570561918089368,0.12188242432851093,0.2874854135155883,0.41122916417146627,0.7367905810545607,0.18456894081378272,0.9170810691881188,0.3781087309552583,0.7368357332134471,0.4998500186440561,0.8029269966363219,0
0.10568318422604506,0.4591448566962225,0.517973650443747,0.829956518597038,0.3408978230366506,0.16047917924919997,0.7481093460923345,0.4751586213510539,0.19285123318886477,0.07085889841895421,0.839963876477165,0.7360553504355568,0.04844746579082049,1
0.3753714426936058,0.2613200537576341,0.7329848846361343,0.3345395803052158,0.9937586559840713,0.11625716348513837,0.42317218878082485,0.929541356338259,0.9043262554475293,0.11668228918414403,0.9099827043463165,0.28324551260828335,0.48432535373267227,1
0.7481512437917742,0.8116529667769152,0.10286312785206797,0.43557063117967665,0.6417321988529187,0.05605706396736665,0.7183055543722721,0.01741105796457787,0.8716129507022264,0.04713420283155112,0.3759345849275251,0.4033632542226461,0.11229012881002076,1
0.4042861207136894,0.020037256509358947,0.34783787225351726,0.587642074037276,0.2700536957734302,0.34463117742901006,0.8600632293569066,0.7655725899217977,0.0951960601858326,0.3496130386463553,0.9631738945650491,0.600273869317772,0.12806159404534612,1
0.7942000408778053,0.033230908256736136,0.4146856397801607,0.216354691298963,0.16835398435354665,0.2077926700637026,0.2710913180666218,0.4809177839818075,0.5471471310578654,0.008990192534800268,0.4825478113435471,0.4728564449813202,0.30139213520341335,1
0.5146616425772634,0.7752942442676062,0.45198540959032996,0.030358445291582492,0.031149146655341964,0.9752760701170827,0.5855298678676119,0.6638373579255913,0.46539507135008873,0.1301668212635837,0.9987011054965489,0.3368072016315039,0.1723381335582127,1
0.45677073291624515,0.8591506783801135,0.3505784209527777,0.8673160593845631,0.3284884071150269,0.7802322385936683,0.8653851374834497,0.2517568116042248,0.8029352848120694,0.07804825246778091,0.76590084796927,0.6777132091629366,0.40546098780173356,1
0.1221087172695855,0.4902486147022296,0.4971032355196837,0.5470413700367319,0.24148978169952828,0.4391561745819774,0.21511052004733777,0.5526383746113191,0.14401068581002563,0.11675232405179747,0.07636313117352289,0.45245449907288726,0.06534467810036093,1
0.06963183761813208,0.9935682374508306,0.28314396796753993,0.19095538893079422,0.1387179747975127,0.01650705999515134,0.44466494692317704,0.3433890529574868,0.9775477217530688,0.6572011018759716,0.8613590649162481,0.40557706729325016,0.06149875175791342,1
0.34520191453106863,0.4669449322152297,0.006342498359750204,0.5631952068192089,0.7598820839761191,0.16963499961646344,0.7301090503129293,0.24269480314521075,0.20903848438154116,0.02129555644707959,0.864659473295139,0.5408812706209584,0.1976957098238289,1
0.13845318209914714,0.17328040176392034,0.4501331202880995,0.5198951247500282,0.19050544633668232,0.20722748461710283,0.6388523573618629,0.4174885131689611,0.9688423348442355,0.12269808565328266,0.5098281728712192,0.519473089276314,0.5378992141796111,1
0.39269089154122383,0.7241372634508096,0.2548718111938679,0.947658161095586,0.5000906225958182,0.4660938721739366,0.1512116401084569,0.3458050356419847,0.3720359159351265,0.07445217565392936,0.8823170450878641,0.9314253171424921,0.07134049823208632,1
0.18313945554234723,0.7053294438701637,0.8150019948849466,0.3712332078190199,0.3094083332772324,0.7069737658509788,0.8385531038279603,0.8047127525912212,0.5538342088901549,0.04435142774779244,0.9258486089938924,0.518805015425792,0.1062089549061942,1
0.17120696481901843,0.9583940275962712,0.34381939116035354,0.7967436286077301,0.6411489440606811,0.6883470893684775,0.5265317370530527,0.41999902417148116,0.49766969782771675,0.1630654822547991,0.1129419695547601,0.9666294165771397,0.056654516656660436,1
0.23038738490694044,0.5001049734622711,0.18099025318486373,0.15684244495617394,0.9578757476731048,0.2012521630140529,0.37815080024989534,0.1470569510219537,0.8617645977598813,0.02845672913291808,0.4003313562526313,0.6725698856452822,0.7560267012726114,1
0.5535211869225999,0.09429798756046626,0.290292131255908,0.9683492338208732,0.13208069460094307,0.7662707791780197,0.21550849325491117,0.05195096503189145,0.9878464302011706,0.18738999824100666,0.6500877338325219,0.536498028598997,0.14684852264078196,1
0.6714041068284978,0.6452410565953332,0.6342467695507209,0.9871650095492747,0.21655286674433183,0.7702520277281668,0.4678038980321091,0.9381545397575355,0.985281064503498,0.03646758504776926,0.6710909806660855,0.4993215337571457,0.10194837520515232,1
0.43516354764928566,0.02929276945620174,0.20286007987131172,0.22456137518172536,0.055983604458308855,0.8443685594016725,0.8413035011670631,0.3747143317858148,0.7656099764750072,0.18086329402949963,0.9269763053664714,0.48755611956664124,0.08622202318014871,1
0.06851679247856168,0.02953960888817797,0.3600698748783979,0.6980603970349081,0.12850296294123775,0.5806593933236359,0.17724085753064378,0.22432239113100572,0.21032407179813462,0.0965649790708657,0.17749553320093436,0.4000518925818387,0.3361353150347097,1
0.25279962260737465,0.73235701266294,0.8201414867635585,0.6833676331266949,0.35915755594282905,0.5062936357546962,0.9684564795391899,0.8229569477287018,0.7799452493663332,0.014946926409548533,0.25034801177382005,0.4252920181598321,0.4875667822972619,1
0.32177839754843107,0.23776348849706352,0.2704877593128815,0.9423335501043056,0.8693671771258167,0.15755738335052538,0.3857569224689713,0.21264085274648592,0.23504713564598156,0.11006087542408727,0.1128345606435206,0.9416843811407867,0.3829607647838743,1
0.0700954884564382,0.11894764218649512,0.6976289155542189,0.3771797433670018,0.10557123573363925,0.9309731811758722,0.8447618168033888,0.6310309254385592,0.08698539239674119,0.3293425523623672,0.3944016446436134,0.9751131448049741,0.26994113837907696,1
0.047761379588444064,0.4750489936187743,0.8574667301102659,0.9605537849762456,0.9430170300068987,0.19494736271223323,0.8539074505215959,0.1851861239196403,0.2543841560481057,0.1434695060694613,0.22818330496697115,0.6095209827617357,0.6145038142092865,1
0.3553982016321815,0.749989021803913,0.05915069656878269,0.9345348712900772,0.2299528102113929,0.6312141007756944,0.8135293906499017,0.11904251227906737,0.3776023109598229,0.10450370134126108,0.81918634096054,0.387628591138955,0.35898972998263856,1
0.36679031986700894,0.46696857486700816,0.16754731595205397,0.3931399816651976,0.8124842199362673,0.6943643714380724,0.20976276614888678,0.34866797776958214,0.04485068448865703,0.013180284866399328,0.43177834499909695,0.37252153877533833,0.4839711971348739,1
0.10351110588710599,0.508047677734453,0.8371514115944236,0.3268060493928526,0.9092274931301628,0.9563179770434821,0.19955334302542094,0.32969996472413465,0.9484398214298225,0.08059546722441635,0.2749663993130821,0.17649739622889016,0.27621673010913195,1
0.2850660054726739,0.7886190286110054,0.26000349196380035,0.7206088687012314,0.14926432301033044,0.6113338316490385,0.36170774161509167,0.12288508358553585,0.9509295983947575,0.8061941628911621,0.5015477813950395,0.28411905154083694,0.19877317973546793,1
0.3029159678137593,0.13222188163955884,0.6820171076761481,0.9132319274820822,0.08966324672682036,0.2861428385811896,0.43459424201588515,0.6075423809543525,0.2388322220221013,0.06396641960855753,0.7858920129659173,0.10730468674270988,0.07604606681132886,1
0.9655721567546272,0.4044488638956496,0.03408156744708535,0.5238121426569654,0.2520902458728089,0.9968323243565403,0.8492804672318043,0.010416391295141603,0.8381255639339419,0.03676745918258151,0.4987987645602795,0.6741478175471461,0.053131104923872075,1
0.3907257158919848,0.6223157163971823,0.8094031731420991,0.43394856943283466,0.13071069553557824,0.2500701670029287,0.1455506943186452,0.9947280489372818,0.6808873606227297,0.058398360797513704,0.5707412440668928,0.8873212835054003,0.22310393202724688,1
0.0662030559516471,0.9621492524664271,0.36218434505455344,0.6852969836520262,0.04976741101029403,0.7317554930201303,0.902664119891974,0.21823906388712988,0.5934154300639634,0.8185827144451779,0.8783758232284299,0.3081721968269976,0.08000879288698803,1
0.26299013538602367,0.8788892141674345,0.43253706705055084,0.6726660356321542,0.751249729931102,0.7911116423535747,0.5824298975856878,0.06603937424974715,0.8277168683034242,0.07167587712357881,0.0418095182365571,0.9410376454706693,0.010383887539381464,1
0.22714867835191754,0.5306181274659606,0.7784337767923515,0.691771127620915,0.16488776799639016,0.13664271017042773,0.7806837518435116,0.09607731728931812,0.036439786966561916,0.28779141583257273,0.7759530726842578,0.5839208011626894,0.2848524736459891,1
0.32035379326084,0.12035394701762747,0.4559754229327294,0.7606030649934916,0.06979121760882989,0.9373592552786639,0.7755664839859031,0.9410383254811383,0.003839149920941476,0.09020342941417869,0.46868778374011677,0.5820577111170563,0.344736559476968,1
0.08689289861357896,0.15251481439390158,0.0641742439318016,0.9080896816856218,0.722845555767385,0.28412947965103486,0.825476597932631,0.7951375680507852,0.9237639514758379,0.08707118075009546,0.27002348231773154,0.48257225622216127,0.774545435249319,1
0.10069507042794301,0.17296008398160678,0.3493137252166789,0.6360002771876379,0.024921290084523595,0.3383883026248523,0.79343921855032,0.9780316224281941,0.7807646544390714,0.45304172221644057,0.8163674185672513,0.5813976058547705,0.1903942118649533,1
0.7794289512756513,0.20370199819642898,0.3944643852622496,0.8746959061966003,0.05141640321550667,0.028919582023410606,0.6821232640689238,0.3231358118233577,0.8332176899649518,0.05580372345253759,0.6028035265161271,0.24998654113174268,0.1853973601531077,1
0.39321664848820304,0.7743465617950973,0.7237637471701202,0.7665874845727347,0.6191508944606017,0.8016071770363418,0.9524215728770704,0.817269127913175,0.2635992903777963,0.02046354816391205,0.3645181391438469,0.5953939026539012,0.1642517306013912,1
0.0727077840668946,0.6164639863480215,0.9058529649379427,0.9955042425784617,0.8608894481603132,0.8135565746662087,0.36028440288308683,0.2069559631868203,0.0992151096344176,0.1649737207490085,0.9415673151346006,0.7152966768642884,0.5708759921858289,1
0.19944759265140477,0.37603320561760134,0.6547625982742425,0.6791085499556949,0.44723130639923403,0.8211725854918421,0.08172068750766681,0.19335782220058084,0.8977525469496858,0.008929250419789314,0.7042543582812247,0.6955707162062027,0.350049008230627,1
0.9096456627882653,0.888533535789604,0.2472463637758746,0.4566927512911285,0.6723541664366162,0.8902525002103404,0.5020355115448325,0.11305529682273152,0.1403434304017569,0.05820251719819958,0.6872688901764425,0.9594659381232526,0.205748101829913,1
0.3291334552945393,0.06100708466766347,0.37270607495854335,0.1690811000848872,0.7849303043922439,0.17095439766495024,0.08535418485339086,0.9463604164647316,0.9858702711269359,0.1682336788109856,0.7203624988741825,0.3602117952439311,0.39257989442615715,1
0.41434052330817817,0.9382408597831732,0.09494375882408834,0.028368347622189538,0.19079312903402446,0.3219831427216625,0.5525004697183051,0.8720496614438876,0.30207690506251994,0.06543967270033957,0.5958085078959644,0.09888131013263535,0.1355527425260128,1
0.3716078936142464,0.024123978431713988,0.8625697832498395,0.6179530208295175,0.4977689957228656,0.1430809400501113,0.3518656208970051,0.5358538748152215,0.6469637821093547,0.2430811453925984,0.3106082223432972,0.39931672766238024,0.10219229453602241,1
0.3876484829996133,0.7809932321065947,0.47561057769269643,0.9089560600760218,0.2960503985220687,0.5346371077456193,0.25066362210850046,0.8141422900807184,0.18166030380281006,0.11896909518389553,0.2497983374956766,0.775540724333894,0.2362140250116338,1
0.01980877795193725,0.42458201177784094,0.3479842608976488,0.5661697890733142,0.07610703368053562,0.7283638856073175,0.45140217197470567,0.8581452869164182,0.029574457351769223,0.689702256026468,0.6529906026390043,0.18938234486589434,0.07771572010650607,1
0.2587046911643247,0.9642387455797733,0.8680977442979008,0.13223674908259941,0.8925798623878487,0.8490120873252697,0.882526589518364,0.03619410386230215,0.5994997396910953,0.042603518357902215,0.5292270434637664,0.8238828378003652,0.3048279579607752,1
0.22646437064498337,0.4216239618568325,0.979708617171895,0.9213774549819053,0.2932823810595403,0.058369377280226065,0.5025663964844889,0.9878237966635217,0.846052152862972,0.0986767630530202,0.8502022925365197,0.3348041060960282,0.13650959916158223,1
0.15290719678518272,0.48209727420914306,0.6746078727331448,0.5323540887337966,0.9865151075338237,0.44852333913365106,0.5623436402160149,0.052047047345230135,0.22390726552846263,0.13259574974296018,0.5377335205016766,0.8386505261430584,0.26174332502490716,1
0.14724399088189444,0.09390851214996587,0.9841885168955885,0.4632164825962054,0.32904732369040823,0.3361680438693897,0.6394290644216871,0.15869167370732784,0.3069099265723627,0.5247118585454706,0.37438180393753806,0.893592360499063,0.2577038503208492,1
0.279874693813703,0.30680221337543034,0.4584835808058537,0.8858925006478091,0.11291232396195006,0.912249142071833,0.3719821229415069,0.6761403559949432,0.4403447210556547,0.44398042308868313,0.9245655985735722,0.48577624267025077,0.08201247153708391,1
0.19471538609235384,0.7139326954755624,0.05470612557424703,0.7551423307835342,0.9602635296153227,0.6885470262149582,0.44503185160916325,0.6867874550971267,0.8549378499823909,0.011683233446746821,0.19409525255962423,0.8283047587593829,0.2646584348519426,1
0.15766049595259035,0.11867637038955692,0.7505402031365307,0.5688657839461931,0.9838969647613947,0.04013136224667435,0.9140454117759188,0.2285953782420591,0.775763899321542,0.17138275356989097,0.8901963235887614,0.7147261104465448,0.9569282155212243,1
0.008721818512091417,0.7058041643147623,0.20104384012351328,0.5860572762074144,0.6317765630920715,0.24345886824231722,0.42923220302388787,0.9667348568579436,0.2115751023723882,0.08136395797491547,0.663216436751965,0.8329251592979808,0.07438283332440443,1
0.379258618887404,0.3016051258694973,0.16843875937705055,0.6647151515127734,0.335031329390428,0.6438174415873301,0.2473501951333098,0.6164994739741261,0.9431223930399236,0.15691279946062475,0.4114166686746781,0.10650121571381643,0.3248445942741346,1
0.21728342876704265,0.5516590435987773,0.32230850253979415,0.43043578458031817,0.0013501992209822289,0.6909933489504982,0.71053516872249,0.9375168592805461,0.5885854681556397,0.4756186888736459,0.4548278017483218,0.44895814864621764,0.1647106500885267,1
0.12207224754927237,0.29532463532841646,0.02622452033217859,0.7138950947401639,0.6455570229694283,0.0467736874992839,0.3627154708189121,0.8464760859038741,0.8392958349081613,0.2805058543920629,0.6259893930370343,0.5444125632719995,0.12976931706134243,1
0.09115888344694767,0.18977658889794846,0.8959058424025977,0.3806841705079771,0.3658701406528333,0.7416913947764233,0.3972504108499775,0.03611710378718491,0.3256303477396879,0.46916145673638,0.5849423153405564,0.5706102093070453,0.08503557611522439,1
0.23749517237126228,0.8522659409921559,0.22292942099405488,0.12152944495885032,0.10135373455006713,0.4673615672647755,0.7677867042563422,0.7142178675208499,0.9822323174245949,0.08348740654678355,0.6126609237287187,0.6971310701209211,0.4972023236528643,1
0.18568418176145085,0.6634115448912596,0.8370009379935703,0.7702918371650979,0.23473827730384433,0.7613228262734971,0.418283431704893,0.49905216176941325,0.8989909357310694,0.15921983067503254,0.22445288970256783,0.41427383597242573,0.8493035561117591,1
0.8903353381474052,0.8027503749120763,0.3530918123393678,0.4679488940950344,0.15685697434485923,0.4806626716429372,0.651579280950442,0.1757074282734733,0.01299200685944113,0.060722049419245305,0.7390980527408161,0.5975175649204093,0.22729781344788635,1
0.3618091020301607,0.05679620020343523,0.6829613805970115,0.2204734531662058,0.2887137709711236,0.8910401228655527,0.1932986830094341,0.25634794278158435,0.21746862016905177,0.07916618350761784,0.9518837140330656,0.8808020219246558,0.4427977855052643,1
0.026977555287736377,0.6203648298209982,0.6756100902070602,0.5996038613981305,0.777221540718105,0.16864840319978935,0.32815211027041724,0.1701653288199595,0.32945734042159724,0.11564011209624991,0.119742511349473,0.7858740427150936,0.14963550600978903,1
0.3676745587611495,0.4610132616117021,0.5197962384760044,0.7099694117496261,0.2182741809568589,0.03327569663240226,0.33727743691785483,0.5124217681916464,0.5002029425509019,0.16965277119294486,0.3080953670773038,0.5511250366930986,0.8226298407324584,1
0.2009679115619296,0.19653914669398442,0.6943370048298375,0.5078050060436472,0.6076892843084397,0.8162929279236265,0.6865311248226635,0.9676652605768956,0.10439640308708009,0.41808341817168504,0.6294897104546128,0.906603009766158,0.02675698053285447,1
0.2821071083308976,0.536879013831623,0.5840962604516573,0.2508089526546894,0.844919683260531,0.10918470597761099,0.9024805225521001,0.27822419225939865,0.08636685094381091,0.126767807136694,0.20741890954801756,0.4039369762855649,0.19566259375389417,1
0.01464914974747844,0.9013904516574152,0.41662751414045596,0.6586495159595375,0.8264964789377511,0.8371635358111927,0.7275696145455679,0.9505330614421688,0.09312230982607039,0.02894468214976975,0.9129927071627723,0.10073754823435566,0.07354254927561354,1
0.3443892214023191,0.5576572973616547,0.6283929366049458,0.3337786846210077,0.3787590519347598,0.025206099587608444,0.7148871651803804,0.0007600447700454316,0.3494592368738758,0.05461336418225193,0.5698554846367943,0.378133869700517,0.3837325949105531,1
0.8694961910717971,0.18802341173282489,0.12188244095187939,0.4610436581372329,0.9217430408245502,0.922796856708692,0.7237383643831393,0.6735959692286118,0.8910773685613602,0.07919494242206004,0.7356962852959231,0.689623749670807,0.22549210823976362,1
0.133993087237686,0.24875998149415324,0.20750664444534972,0.2992258091895933,0.7865378171826981,0.2094639713314873,0.9320561889793253,0.41908049296997574,0.24858285271939906,0.16995685933453997,0.7820896447978036,0.660898746870884,0.40888320320286353,1
0.39980546558814223,0.19355622075454093,0.8346811571953328,0.2145283882706669,0.7841173213541058,0.8702628387202743,0.6209062435451408,0.636448358622809,0.9345843620595709,0.05224813571831277,0.9357438100267548,0.7084082697818711,0.2449578231451891,1
0.3031468298258678,0.6132110755174398,0.9107009807116888,0.5549117875479717,0.033842330889336636,0.9167905802995973,0.4238886361219637,0.19839663803040952,0.72509036199876,0.3200973635124531,0.9338722537992888,0.23465747386667468,0.10904703442140384,1
0.2632287112017303,0.03945475508280205,0.17902962941231082,0.7364194816022847,0.540441705460322,0.9244776186712321,0.936084916951755,0.788979447553615,0.2693942829252731,0.21488668514625509,0.22163183905918582,0.3317482166679201,0.0833767648306527,1
0.06355377896748515,0.3454708666677121,0.21191409599454059,0.1109767440864664,0.0638617105127749,0.9414450878503495,0.11265897342321518,0.46856054181914,0.9709593446987833,0.025346655184756095,0.7374397391558722,0.42056076715664514,0.05892769465384007,1
0.38208892391803684,0.08023731911417187,0.15296419517688253,0.31310597997656864,0.38313592662294316,0.4937749422305272,0.7611439289043223,0.3438134363857275,0.9245891773028986,0.23292393241702114,0.4047540169813586,0.5285651425946125,0.09660073010799675,1
0.13091125207757626,0.23193804254836958,0.40926472701754657,0.5039118762491398,0.18508038151283923,0.970029795449382,0.8248749631576463,0.47724510092711425,0.5958855406305821,0.8914225228238759,0.5648753690469691,0.4620703115285032,0.11825809816862898,1
0.2615891215263365,0.516499841427842,0.7280431977406863,0.5123654128833491,0.016256745546147755,0.01873099478842888,0.8512349251509047,0.40816066721605926,0.7155458780478879,0.5952694239968642,0.9013158301269372,0.6722433832810497,0.01606152214522405,1
0.9021825767708387,0.5157821939619928,0.39045446200287204,0.36417654162745694,0.09098430920630918,0.8594604240635292,0.874783380395586,0.01385226282013452,0.6037300442994569,0.12337265257716612,0.3123527743873975,0.7867594336198228,0.11228132086556075,1
0.36028182934409814,0.15945725612801942,0.8447134093722662,0.1223652394672734,0.7655275053546217,0.4791884119074029,0.26777287576402986,0.38344003456517406,0.8331446452513864,0.16147410259977724,0.45498688041572444,0.14456034510638638,0.18868001089775444,1
0.07227791589663835,0.9059929445217275,0.9338659009800704,0.0037144640393294015,0.35114071058639695,0.8761763297783203,0.2838465982923696,0.2410939524435346,0.6041119706537519,0.2350527674738504,0.6521632646436435,0.8552871593998514,0.07307011150422882,1
0.40342653061020606,0.9851200769765746,0.3382038175813531,0.7404401421280109,0.32123357947520226,0.06611075170785397,0.3321814347349038,0.46378497004365615,0.5994319563809415,0.2395541017410765,0.49924660019554634,0.9631741158937654,0.0024577330820741983,1
0.32142776255995686,0.3643097037684072,0.8338161716309214,0.8171406363943391,0.9517294989609504,0.7396774133449944,0.617191511204639,0.0618915638298263,0.3732654015622522,0.16557227656141826,0.45165322258476637,0.44278513449808843,0.4744761761735933,1
0.27617252937973424,0.9488624642095291,0.365301068835705,0.8666875962279799,0.4699883012403465,0.9992594728944328,0.0158989769955461,0.5959261229839482,0.4105535622619646,0.004140431303065184,0.9327362463871818,0.8755281536700281,0.4037984038455643,1
0.22808070358100152,0.4737727291292859,0.6905809156880344,0.9267871369200607,0.3999201819718009,0.9331093739001972,0.6952344680392452,0.4913574850759985,0.590403687506837,0.17973637200565062,0.9270534355123843,0.5120001809249765,0.5123930653013623,1
0.4949157933903382,0.47838509274090857,0.9190762432185852,0.49224567009261133,0.40298682949226217,0.1403222583125565,0.6783221527563895,0.9111584095101357,0.8108244522130434,0.16874067486585986,0.8573692670955211,0.5375416375118526,0.1356719079738914,1
0.04732157936271231,0.40164612254874066,0.8822825482149826,0.7933065587290541,0.9492592755517344,0.8784599457141403,0.24378957269437762,0.624917438400565,0.726926074296197,0.42426222879720543,0.813479600375029,0.45712749517956386,0.12155827828845622,1
0.04894403390602209,0.17751117858276078,0.8167727091882181,0.02931693411495817,0.07213877939484536,0.6398902043333466,0.4882267275551949,0.31794856208810285,0.6806627410312927,0.5882687149472958,0.20020763307321487,0.6265296716367519,0.09326361203350075,1
0.5198061455988967,0.19956700570122043,0.4246953306366058,0.18170761274771197,0.07742887490038908,0.6509089833106911,0.4666277006954974,0.9973566141893159,0.6555884756909127,0.2781082933538228,0.7706143457024378,0.5712124062777185,0.10486060445431844,1
0.14642000054070436,0.8145943599753107,0.5488457353638072,0.5170132146778135,0.3093531118570405,0.013547764499770909,0.7514840817778781,0.9226164183348263,0.4073970136937891,0.19773814246322963,0.7473987006820662,0.8980073475477465,0.3028769672869386,1
0.16633701302206805,0.6225155295414192,0.26157412363974863,0.4810707406923246,0.6276853557964148,0.5054934681896021,0.35831189107435757,0.697226255781796,0.3042748260463629,0.4277988459375932,0.5026675750526666,0.37044404919620777,0.150136117301358,1
0.18960384970164912,0.7424274148000327,0.9154988967241727,0.5576110816633257,0.6177316132983277,0.33095675223048626,0.5080382312294024,0.21767780170307505,0.7680274094831006,0.07942589266427624,0.8647835167990441,0.6671004973106693,0.38929377718359204,1
0.42675720983338905,0.015057440568133518,0.06625993187731938,0.8922143003491126,0.09868602490033229,0.3099158481379294,0.7140946899106575,0.8421638525210446,0.22788101943568828,0.800490538114894,0.37651901944062105,0.7054081370613868,0.006024904366699113,1
0.19511843768070636,0.5898557275212583,0.995337205673335,0.9877293615830458,0.32052182251875194,0.2704287781578951,0.8041303137522422,0.5593150723786159,0.9427699701761517,0.06800132289155725,0.8758804380931653,0.6489049238009117,0.0851581085681975,1
0.2057221536253464,0.9293745900809687,0.6943692237335218,0.563150800008229,0.6964903739887061,0.5335517647183381,0.9300842282901214,0.9181975334725151,0.24233651752485696,0.1346691459567827,0.22806325243412584,0.8326942490849585,0.3576679429640657,1
0.2918499229468807,0.519999798268567,0.7170459025588336,0.35486320884566114,0.040640557757855134,0.026229977584438346,0.13929909634458193,0.24019406099213791,0.07654097206808952,0.026408309910406436,0.618723786407262,0.8536769295319423,0.4371907633012959,1
0.302002672946559,0.5726512042043087,0.5592391398106071,0.5054526202398557,0.5306799358406499,0.8861450884559798,0.21725538580107073,0.2027495744402067,0.5524656517191148,0.05880648467796268,0.571155791853481,0.24901122565985512,0.6548223760159227,1
0.14713873271169098,0.5551467848950327,0.5727409703479659,0.2158714186446099,0.7129767775199161,0.2530766247622813,0.6810327284256397,0.908269971196762,0.26683118092983193,0.006146462714003542,0.21398669082844501,0.4099381119578207,0.0019084161543129197,1
0.021339419534962767,0.016341119351481748,0.058702744827111686,0.4021230062542457,0.04839350153287225,0.9923312416705498,0.34143574994990256,0.3335598413024764,0.960864198700526,0.9605811441529317,0.3530409000879873,0.26539178910769257,0.045317122008577515,1
0.34209392235717107,0.11157647874375154,0.835006324581597,0.31972824105825437,0.6301386675479391,0.08641336085451201,0.5568468250553166,0.12108328884818997,0.7031469717901045,0.05319846734308209,0.3980567742361991,0.21292349492430318,0.3400528887595682,1
0.6627924318453833,0.30616846816432086,0.13265913087964432,0.01604990026619424,0.8226395060075853,0.29159143739826054,0.906874168447711,0.4198116400661154,0.39995067967214615,0.1153698407392747,0.5126856575734736,0.8896802942760954,0.09548651598526037,1
0.35306780271190075,0.5040489783846746,0.24804805395091523,0.835841447328818,0.9070584824380276,0.19063487950821578,0.09324932190741153,0.28178867345533065,0.19034947265194224,0.6764990326731078,0.0720721453174058,0.028971780640051903,0.9005742827114577,2
0.5646085288831177,0.28325445217010004,0.7471524055104996,0.85015455053716,0.7054967817384757,0.2582132824658673,0.05565153561825442,0.392416955261612,0.945223623544181,0.6882279913349004,0.0990971299751755,0.4219649329440891,0.3188130833561701,2
0.7030603677409711,0.9254565597445737,0.673305544314046,0.5423862911220698,0.5415585852114694,0.1923254171722999,0.19472262318373856,0.09344678158280517,0.9332066689289863,0.7367766168576584,0.18045223692134849,0.046437092004548264,0.8175788380372708,2
0.6011116176680619,0.483325689662506,0.600133268225767,0.756290126948832,0.4430087405600557,0.46288394705272573,0.05134422015253359,0.5809268906050966,0.9361373828118618,0.8183957540232609,0.2540079719828485,0.39618013553351594,0.3076412274657435,2
0.9639806757885127,0.20777651781894946,0.33399301465673137,0.9505219116749317,0.9297842564202976,0.374050531032576,0.1466949015229978,0.5480135957536802,0.11105497065435233,0.7754621645732177,0.04211536245358305,0.040145502427206825,0.2129576842011197,2
0.6467242127659403,0.787700521887535,0.8877537662197986,0.510159100866926,0.2756313499233377,0.17051967130165746,0.04447251957028375,0.900268447020718,0.20869878947259768,0.6596410528110768,0.8156938422989333,0.1447991513072424,0.2636652954967309,2
0.7825139448824386,0.12350233287231716,0.46575338454166526,0.9866407232985374,0.31973634483218494,0.6704347179355301,0.1322500840829911,0.27724102278839713,0.2875335381047893,0.9178256218838869,0.1223185850558155,0.07872225532529087,0.39635720772199934,2
0.7002599137872657,0.7681299541885178,0.9891039432152395,0.7415104984372719,0.6490479242302543,0.1630880821367966,0.1485618549323301,0.12341912033361302,0.27469170402932463,0.308348376419318,0.09262702489488062,0.19711940003885453,0.3427863420666084,2
0.7779272938139951,0.5031671688925823,0.9999436495634934,0.6215330569411571,0.9612352647949253,0.40542347143157365,0.22290959342010042,0.602257763925684,0.40102064646606783,0.4883239709502758,0.10873331324815072,0.05002478327787285,0.4173814662440367,2
0.8594037855926847,0.6908426874068067,0.917868408018571,0.8018276974543802,0.6228013006466449,0.16848228131492116,0.12173663095469,0.16262910280048748,0.3951197332622918,0.5161068723779274,0.4767302290395421,0.04321541921807592,0.28256468845635807,2
0.722742146574329,0.6174104171566912,0.6170716244597049,0.6034678842933716,0.6223516722195498,0.18982711802681573,0.12057862731127922,0.5839536623797819,0.05376944783174531,0.559634268932992,0.488750969896395,0.05558873719142554,0.2768590964137735,2
0.4710736073707059,0.004301896817768047,0.5642438166048028,0.632864244753218,0.0581386762352506,0.857433660727081,0.1917386623591959,0.7524748259435834,0.2364579691938794,0.7380417304178762,0.05809842257091036,0.11350351297722627,0.249406136396646,2
0.6684888391561697,0.9568703842415459,0.8737773392161056,0.765892602418399,0.9930799189981331,0.6656723806242221,0.15067473869686598,0.9906823204371963,0.09168722797708873,0.34906416204404944,0.26275439557991864,0.08948617217260013,0.2007851728976554,2
0.5679073643304829,0.3239695328912381,0.8270851736947766,0.8787743742276525,0.5107393297682374,0.04282624754265241,0.1923322682389551,0.3354265123117057,0.43082719930265956,0.8547121594274979,0.23008278310296004,0.24741409339229237,0.3476555051837793,2
0.9031177698991637,0.01897234447313778,0.49214002909352395,0.7809698862909813,0.5430085047244133,0.45800645077661795,0.0003510883372050966,0.697620780889321,0.2739224128113359,0.7124688678067168,0.25142154091702507,0.19083966357196924,0.2023321609778398,2
0.8326630383746758,0.9972454564970757,0.9580179214410814,0.7627883822702839,0.5311854570240275,0.3636293549858477,0.0424704051444007,0.9296644419286381,0.15129404420839787,0.6736878350696317,0.8111123563031454,0.1442108921348525,0.34224079071993696,2
0.26210018474061625,0.7932614684763709,0.9065946871196217,0.8742231545090746,0.575233889796331,0.23656076328428943,0.010060052766720728,0.748719980613138,0.11335494579023542,0.5143871486532057,0.2695536109264166,0.2469116703399803,0.8828437459800776,2
0.748553835309495,0.10010897440760635,0.5185837148626011,0.42065236005060014,0.6360701247904663,0.3766482853992259,0.18566200042103298,0.5796568675249628,0.17063632072643953,0.8590159839977327,0.0957140983737107,0.24689279351941096,0.6376026631983726,2
0.4823293640182379,0.3075484873491783,0.4840777534234477,0.8546775434078705,0.9307693216174062,0.36114499220544694,0.1525291205298337,0.4471411046151137,0.8996759497926673,0.666544805734543,0.06659463632828422,0.11524057258757181,0.4774654575235593,2
0.5790100894228295,0.7859338402378341,0.03276170290152447,0.7133383961879949,0.784257151585044,0.9275793768862306,0.014042968470483919,0.9819132334031474,0.7297303495636228,0.7463675199070663,0.18049877993532426,0.11517679124710312,0.20030335455299075,2
0.6399187054657736,0.13992943730128227,0.17642966076850497,0.9426371459021831,0.3439248170956505,0.40937173321520537,0.09061516725683816,0.1773992680237504,0.2890451000873211,0.9204801614382501,0.05557788909810435,0.3064934513614703,0.09563159940230515,2
0.7957644903523893,0.41262965541713936,0.9054897231005924,0.8993941233687203,0.6638693754849787,0.372839278641218,0.0994873785448146,0.41987431002144926,0.22617480871543127,0.3289661012046643,0.5952724582621005,0.09530810646438237,0.22889652176604536,2
0.043734093024372034,0.8725031316996037,0.5783359635807295,0.7893380901978686,0.36535913018947186,0.0179383988899523,0.12161156151272012,0.8532830688235198,0.040671463087352366,0.5116325054117102,0.0673890865087261,0.2277701984873448,0.017363533956075927,2
0.40926008468134,0.4704812309486929,0.6642559140700701,0.5343917863027582,0.7534104754986924,0.5760613105104359,0.10192582169621744,0.920776834924195,0.7868817606173463,0.7966738800271463,0.15020738544550183,0.09931459465191195,0.2589185376084906,2
0.27198697377908987,0.48374324865052887,0.03396247641063865,0.6979947487138184,0.15714447146240973,0.3298203983009276,0.008020942062360592,0.9028989573700575,0.19901470953110545,0.613833825852555,0.00426609020543367,0.19702767603185833,0.390717024810062,2
0.9821073976170825,0.5001432296582163,0.11825903571610263,0.7472641675089828,0.5288054819257902,0.26055659255198904,0.12894774664728226,0.5623961405343958,0.0945742715455733,0.23995552499817463,0.2645728216136347,0.2697114332537688,0.7857112049717654,2
0.3560654922560449,0.7845651614678341,0.8852055554200546,0.6148625451883903,0.9182779300944781,0.30327632913149405,0.03730717802558836,0.21250334567091234,0.6275560289192429,0.46854504164691957,0.16173139456959207,0.02969498580379537,0.8162804993541294,2
0.45950396406772487,0.6893644950296542,0.9912054531446312,0.8162001871766056,0.9110051700720437,0.39380911443508104,0.0050663055179179795,0.571795425493374,0.2753655218910578,0.9936726516150662,0.2805135242181812,0.2666855526086226,0.1619298509022039,2
0.6948073705364736,0.16082012279643798,0.6327058046257942,0.8297251618064863,0.7223951399128121,0.8420268759930728,0.009207265366043216,0.1048315261807119,0.534684546884825,0.5601518820866664,0.11942336853852775,0.07431229603923017,0.3625952253589574,2
0.85632854279918,0.981243522095181,0.9576367717293904,0.5175433396684148,0.822105844419084,0.7511561199039273,0.009278347658514319,0.32923883099383733,0.7788902758412054,0.818829996058623,0.1763432698214945,0.0698155561171876,0.14967398274875443,2
0.81171089926371,0.46116409626347954,0.8919460644056031,0.47886156207246655,0.03578878684527265,0.47107500517097833,0.1402470508478454,0.0947185790020233,0.17919424782907745,0.520243669848338,0.08119021704531859,0.03675160473753414,0.28904739463234985,2
0.9088861568207125,0.5173072296979624,0.43659542117805006,0.6892952197893361,0.4966673204620897,0.4268322441076635,0.13028719139943812,0.9032596224961211,0.2667920448452705,0.3816219062477074,0.025581309690417053,0.08398875438533115,0.16165919751013957,2
0.8468959688786291,0.3074428873940135,0.698164406752853,0.7570164770114832,0.033195586766710194,0.5423150666961154,0.19169252290473404,0.5840624548899827,0.9982619497285506,0.49432837780536687,0.049005219854348026,0.1380796269581751,0.06528596857475866,2
0.8144362804599613,0.41514353492380907,0.9829496460095333,0.7567892392526798,0.6231179011668384,0.4503341150311614,0.019213242132417152,0.27393714440194017,0.9057260055007141,0.9054555486954085,0.15208431189498328,0.26232091724534545,0.8508109068141118,2
0.7423540996428458,0.5737119507139106,0.8402642015598599,0.5957097170142346,0.7063566290275433,0.35328038008639795,0.0007896144457778531,0.9413784632188441,0.16027501696818647,0.3513146692255905,0.021242652496105352,0.2677255287606324,0.8655357960279569,2
0.583687275445223,0.8950153593254532,0.9726049949346068,0.5954410317717393,0.7135316340574673,0.5680667965084886,0.07623647437885006,0.24824916768529592,0.8147505481386395,0.9160584481307786,0.2242074154323349,0.28886543281769395,0.23907490464654602,2
0.8726994850350459,0.7450554774356396,0.6665647711959767,0.886448053860417,0.1825064650718612,0.20898220735760942,0.04647953130311411,0.522187588141045,0.008503837370324785,0.47422681314483384,0.3658721552154971,0.22164128554012918,0.1924929076147387,2
0.49242484831330635,0.9226779802247205,0.06827218116608913,0.9027888574777926,0.24276013080459047,0.44364638512051713,0.037782603080977584,0.7782781476370112,0.8774361608075211,0.8974203504948459,0.30596370053719735,0.0388765977676746,0.2865282976372241,2
0.9201277863365209,0.8153295235073654,0.22959933906880203,0.6400099364266918,0.7108406343396576,0.3095933863841913,0.14215278349470917,0.526399357541968,0.30906597645580247,0.8080236749918602,0.031247041239146678,0.002560221011111752,0.35601868680121307,2
0.527055776045487,0.19920210379894276,0.6660488957729194,0.45697510549978215,0.3004130496195059,0.3081448342181893,0.1275148488760096,0.42150883189647004,0.0012002708407649054,0.34695186919553744,0.05835038260588421,0.17346499551568118,0.9962590593071186,2
0.9205668131301838,0.8228729823557481,0.9004533722315683,0.9808425709130428,0.35907567550384045,0.024880663989488294,0.06477660721554923,0.25478336333604545,0.34460493852490437,0.610784659247098,0.23160891786736149,0.33012305814447973,0.622807343987935,2
0.8534366046103614,0.8459247357675537,0.78521712030173,0.4526314272705222,0.7641828058167698,0.056626634417570654,0.1553193516903869,0.12903624993202423,0.3550662091090083,0.9518774839126486,0.41322516412585064,0.037369391504649796,0.15028144895682138,2
0.7244847350589563,0.816129276363391,0.5029088874695293,0.6869965441548277,0.8947086779344212,0.8093341253058257,0.10947535801413699,0.8108567542931439,0.5515006832064967,0.8119676442575434,0.11894120095705518,0.31039226092692007,0.03581699063949062,2
0.7200640260669539,0.6332616762677906,0.46167349362466503,0.7719840536935308,0.4165529389873306,0.17890544880744252,0.04158427959526978,0.8388807652167174,0.3748128520296137,0.2383955570151668,0.15786681860221619,0.01352185194297828,0.5352626313847734,2
0.5808069222399161,0.1580386399632543,0.9509499315290294,0.43671581191067355,0.43019712942393085,0.9531557819387557,0.16616151122526335,0.2715624023884947,0.2598372411816796,0.49373693593415924,0.11118551830352852,0.23330351111730407,0.12552623600619905,2
0.5505877016477386,0.3430788832109485,0.7342996446931143,0.8393956629544046,0.9845031415039657,0.28495576695885383,0.03271064718642258,0.013785516500845807,0.08297742636757077,0.6973378255102005,0.1102601141717453,0.2966038507920348,0.7819103913144525,2
0.4711450314104654,0.9645604336084324,0.8007550268666526,0.8933045800852494,0.046590590612158644,0.24545670866195857,0.09263765903252796,0.9871436229287475,0.9848280052369458,0.3487891258147302,0.08100092402319381,0.051167949091174836,0.7098888919294233,2
0.666972053353246,0.6648300824282726,0.16447191852416354,0.983894080653119,0.23627383267328916,0.6183607160000418,0.07912374498727426,0.3215690951344593,0.3384754002674385,0.6950108624110729,0.15246587415342483,0.11842647311096266,0.2664795055175606,2
0.642413680670249,0.6805475624312678,0.11271012623960741,0.7100584951101342,0.020313407238162107,0.32147677502543237,0.13201989065264186,0.4569132470753259,0.2483292411671273,0.8138427003527442,0.06929864365395999,0.06352053926712897,0.65991567882259,2
0.17434990534486117,0.09126408154774279,0.4290148214760676,0.7792439852584311,0.7892044971884803,0.13545087388477361,0.06309044151093601,0.6279254175358274,0.17506941762500805,0.2452209603183788,0.22879106477183953,0.088949148655874,0.1711855547421156,2
0.8867162924446196,0.1785855192231932,0.6207837027461757,0.8734219587087799,0.7257492976077649,0.20603819683494518,0.033020485785408504,0.8060014592095603,0.580725462522403,0.49362039688718806,0.12320327985076607,0.08201041698025868,0.14959069614959863,2
0.5741925926751232,0.3769336919135343,0.8427711074453286,0.9122675470030425,0.8479279140375231,0.24346378463590002,0.13407497987308048,0.007146406813093864,0.1914016985628132,0.947106924504837,0.007011323602261421,0.11520202990876005,0.2877674671343984,2
0.9559966934191356,0.5719980999005349,0.2013682237936958,0.5303316367292393,0.5091441686536726,0.4339786106385751,0.18143644889715682,0.16622267471407626,0.5711665537895404,0.5842161068825275,0.1527401699586658,0.14435506476378168,0.31923057638925334,2
0.9276030016108558,0.7988900166714448,0.10570784565424296,0.6593174116916592,0.35543876896629,0.8290113395695338,0.020243917999699157,0.5254038816889235,0.5678062478858132,0.7210250322260084,0.03621206092014628,0.14724990220798184,0.09826131707480612,2
0.25587759089540796,0.8271881398976224,0.49279221579206267,0.38638113973214494,0.6099139078111662,0.4074113987032847,0.031042533925371374,0.5859834166880852,0.3011182154964249,0.5886914759752525,0.10518548556839169,0.14546822057096775,0.20043854292912844,2
0.6753689004138494,0.9419331281163377,0.07435941575263505,0.44800401803960566,0.026629422796352942,0.11526245765937582,0.11213524394424779,0.7926111548592834,0.27570303975499044,0.8372918487761871,0.017373896115052023,0.07166021707729409,0.6478274817947972,2
0.6798197856968186,0.6740704713082417,0.987265256934067,0.5922293495400627,0.3144700616419527,0.10058909480336053,0.06706207619202764,0.7244562609562541,0.04787964485320273,0.4746595440466217,0.24740760054921562,0.3416898118402495,0.2839592073427897,2
0.6900926841628172,0.40267802402168495,0.34826273113368966,0.5702248081292465,0.05029128416937634,0.18419376236215357,0.16216700642564952,0.3441025781671314,0.3701700322189533,0.7584466565421292,0.11166271363477864,0.2389776335137549,0.40441593711828894,2
0.5343382244752474,0.47771481764355095,0.8560118618343813,0.6721323841255807,0.7262812367035854,0.43749236464731234,0.05590060287302945,0.2503676900774324,0.861261865471024,0.40689323984221637,0.09285172084836135,0.2998684107939378,0.4687652254418151,2
0.6149721091458518,0.7862530647477594,0.3944260675386053,0.5317231805104096,0.6576811544944556,0.3775235650691823,0.11206216307866401,0.8372281165535164,0.3991092451345133,0.9627180689679574,0.07066077700207585,0.11286569875559638,0.7203268782530513,2
0.5375833606782328,0.4443781420844565,0.5090971251736779,0.622096810777498,0.9746367496069664,0.25751395423240475,0.0873201465327188,0.0983608999593435,0.13760075349978929,0.29389300549066744,0.07051482649424601,0.37207767910983747,0.31567172826934353,2
0.38561361822461293,0.9161739482372885,0.017178065511223473,0.4889819475010605,0.630849443363234,0.2042385748245108,0.0678572810057092,0.8966534658212254,0.33430893251983795,0.5039823935862165,0.12020418355567553,0.18612242457388595,0.08263614538482111,2
0.8602241964187438,0.761596012429352,0.730516554456875,0.6131726638124713,0.428707369005462,0.01043088339231657,0.2056989138731894,0.10063295033353159,0.20634492673829952,0.35704537289201743,0.046076505135912216,0.23305409143391909,0.7268410779576666,2
0.47344894117933567,0.4068244463963844,0.7242436486394349,0.7448423914621857,0.8928173201672419,0.4473667025596124,0.15704314893313986,0.4493459341186492,0.056437949980988944,0.8747377221964323,0.30219759301953686,0.24346653789104955,0.2361805847344579,2
0.9708423410972575,0.8778404195710768,0.1558433690823594,0.6022183274858133,0.12880531936536166,0.2699851123714375,0.20198237719278256,0.04092154133320902,0.16470869792683218,0.7087283894886095,0.12845326594065687,0.12973485160406284,0.34614172010045163,2
0.8385539187169733,0.6986571079434026,0.8342204445694842,0.9416090990995039,0.601654042274978,0.30092266109455956,0.0722465142782992,0.6534430089366099,0.5623997617606804,0.48698856404032176,0.25803412427343,0.12431438392997085,0.8105108467577817,2
0.5716570267930887,0.7236423680038795,0.978900553419948,0.9014450223327686,0.9534249839900543,0.6934516777186618,0.02528542938124645,0.5369625070126226,0.2185634434818965,0.549962820127294,0.20456249767086032,0.0013866519795378007,0.33496706108768803,2
0.8760852670385046,0.36313044130569605,0.6800258913572585,0.9341445307731512,0.4369562605202866,0.2764402879873967,0.12455904365166037,0.11872518512363572,0.38421004906153533,0.684203385337936,0.12368337642095861,0.06844931524851061,0.663200033206507,2
0.9457094455993685,0.5651366790077466,0.5970000656951178,0.46728740645838274,0.27063554268510837,0.8496953252110219,0.0479282916552598,0.9972061662470033,0.8515656612148488,0.7341888390992275,0.10950375812926005,0.011101387323333323,0.04816628412377366,2
0.9814615697846601,0.14909281362039162,0.16747719096281433,0.7990731001603733,0.18515174754634567,0.37216765263170026,0.17358768231985067,0.553831260065978,0.2161012981236382,0.989994780554455,0.23517115959009638,0.11154011699954014,0.09261450703565355,2
0.9481240592526068,0.31724825111320887,0.29542416929531923,0.6004503489097954,0.6989648517804202,0.05416981370748297,0.06486888291942294,0.8192625998116674,0.9985257933207433,0.8138828895994139,0.02144108693792668,0.4269873454167038,0.09645845918364082,2
0.7742188074397456,0.12702032046934697,0.7155288908358177,0.8273536332303751,0.027228451577047896,0.6027469052733364,0.06644072152422731,0.5439137403537876,0.7464928647614169,0.9995159917833923,0.18135074197323586,0.13892962097266326,0.3373200414970452,2
0.9745443467693959,0.4503275390635927,0.8863700629672092,0.6581311324910786,0.7616645018394862,0.12056308405826621,0.13891164207941042,0.7862830841475217,0.8092428487942204,0.6724190844982291,0.08063892962990382,0.2572517148061888,0.15224023120717134,2
0.9976983307983797,0.4548627864643672,0.5942618271949398,0.9604698514576817,0.6410961398398499,0.19849952791950076,0.056018008258992946,0.9898384582414259,0.09341158427960838,0.8970940216220984,0.3660055536300205,0.2228668739758497,0.4757625132464822,2
0.409984040679374,0.9564885974696331,0.4964865907234254,0.46776958756535136,0.8309908234671761,0.460035905741367,0.10408594027173279,0.16957909987804787,0.07627203517618386,0.6734095807528162,0.18447253695832455,0.06532156422251967,0.4423494171654657,2
0.6618682300538589,0.9591994768110179,0.9366683125046495,0.6364371752061456,0.5842393497421073,0.17537041785390373,0.14898036074699195,0.793563236496656,0.8081933649577612,0.3716123275231339,0.3463923876078915,0.22636918708500342,0.059207183466838065,2
0.7703976372622588,0.7347519991288308,0.5569506228180449,0.8241213301686097,0.4278102520575452,0.2913552627426529,0.21048549095507385,0.8690361815839426,0.8695295748249445,0.45172708948654283,0.035713442902261416,0.2890294058537405,0.6090499505396044,2
0.18602014587820004,0.6315000387358066,0.3060584359961309,0.5024730486800052,0.19479240243406537,0.2332117708661957,0.008341600718561826,0.8863369874792881,0.3138582471423683,0.7642443725899688,0.2202567801687899,0.17685019454855533,0.013757247159845165,2
0.6367529122459603,0.9375575700738068,0.9466905627159646,0.6199458956469995,0.3745338629788997,0.08870975704718231,0.03743178841452566,0.6895267398541647,0.1678458613320879,0.3482275123333878,0.7578031453149794,0.03677896703966865,0.20327133418317922,2
0.6835630412027475,0.5765580535548299,0.12253976954466317,0.9687061511036252,0.7975061442465876,0.24094176686855728,0.1450788044666238,0.5831148653349242,0.12413352842411562,0.6958023279303984,0.20869331826157944,0.0651535226127743,0.597726669365997,2
0.006161746629756992,0.35578581406094056,0.7207647851988532,0.6649806463506513,0.40384805309239225,0.21768485303850071,0.006042814141280828,0.7039242083333439,0.46777360440775195,0.8756268416328578,0.1872714315106616,0.19570135520556053,0.2920792879576236,2
0.19638317777073055,0.9877876088656239,0.4005301745888018,0.5553682167585167,0.7853689545782263,0.4554348853578404,0.011150398204088807,0.672987295452815,0.298728583438567,0.7185221560351382,0.2358872854520936,0.0663076887795585,0.3969978465138966,2
0.46700311550906726,0.7747317364481866,0.6948559370280029,0.8270202926901545,0.7746947011936317,0.9415901395364288,0.14112180617724324,0.7733455328744162,0.33702802580784064,0.6433069751069379,0.08044592224411073,0.006644596232116995,0.33945503724365533,2
0.5901322248069957,0.27453594195883246,0.7795593486562785,0.7388233795659446,0.3662952905596756,0.36955903164139714,0.00777618828252058,0.17492649278365768,0.798215089272039,0.6342957486461467,0.058541216745396585,0.2952593762349104,0.6901724421056612,2
0.33226754858458374,0.5494843348355297,0.8193018436593069,0.9862466830221278,0.9209539182318212,0.2430205917027729,0.09855924858322995,0.7705404342254621,0.8954584146267424,0.2919139305812001,0.05342443175021827,0.13517847319934284,0.513285012170937,2
0.14720946922577127,0.1827801833188315,0.903294233642955,0.8342315967098601,0.9394713337989479,0.1428579073019196,0.05192361918583921,0.3550755437766643,0.5987594226646787,0.7051109156300761,0.025194029148905117,0.11151722835065903,0.19797027503870868,2
0.6066772499901829,0.7938352495753908,0.5615227916210632,0.7157226472308669,0.4532028321240342,0.2173500928094172,0.11082140328861256,0.7153604601660881,0.047874910754970856,0.8832353688554797,0.017624877793518734,0.016713674145865,0.35593057282166196,2
0.7058821772363298,0.9291832655091095,0.6397475029778281,0.7222422558800627,0.4575851389930483,0.7434822878260747,0.12473198610086567,0.522147606066673,0.11579285208286783,0.7678378841396585,0.05668391764391556,0.10646127294353647,0.4674164514650899,2
0.7421429942929461,0.22284546382070958,0.7121978157462425,0.5669147103683402,0.9275746300371852,0.11167579300523756,0.0578216831331414,0.6808011687821117,0.09638158980926403,0.5980017240894949,0.3765849206581249,0.24513242597461693,0.2789050945653525,2
0.7025912350343106,0.8904928287522392,0.9256535600916749,0.7453151828020775,0.9017934885938083,0.14561124734443676,0.10882310818964558,0.6178513680768398,0.37848151278106335,0.2439874931694458,0.21405618062210074,0.3889097563356012,0.5134664726366008,2
0.863667851746687,0.9895949349703884,0.5617774975899561,0.5077692353907914,0.45798316795105587,0.5663266079613386,0.18817859414739369,0.5092010224893071,0.17354189728215974,0.44957414567960696,0.21657360461137054,0.16959328514313443,0.3410193479739936,2
0.5533219694291046,0.39800766126519715,0.866071812879074,0.6140312593236776,0.21463579422789048,0.5076779549392167,0.015473134706795011,0.7795003802165991,0.17999237020891856,0.24224263079755393,0.13814923509240296,0.09535213385686436,0.10554419637837642,2
0.6802871545803546,0.7757089819282194,0.7051629242466222,0.33621446197380345,0.8786785493595871,0.20774187116435328,0.15900478688962427,0.4394561915860532,0.42994889172645034,0.7935084998194862,0.1646477795896919,0.0023874989837935345,0.390327544938165,2
0.732813155982555,0.5649504286238615,0.8619733471473596,0.623884358025161,0.8885012144744495,0.5189583301103103,0.019423017271077536,0.7407885844505592,0.9768074829976799,0.837554720745998,0.08448786232852912,0.09583043567225613,0.30634743531363084,2
0.8438515252607137,0.632845553044124,0.6261893910235673,0.5264594344750273,0.5219529101437653,0.4085892644515411,0.18643192214050552,0.35985922408353965,0.14092278817476733,0.907820889736045,0.1705593297364263,0.3251241501483445,0.6142672016756522,2
0.5560877387764175,0.1505948448932346,0.7412433997795416,0.5295096012479643,0.4162675934812923,0.07670200838270269,0.021378934334886135,0.3786999679624238,0.18371544053904976,0.36142312702862234,0.3296518325035004,0.16305608757377377,0.13329208738223763,2
0.5750416139833844,0.2134351416176854,0.7588214050822992,0.4664963014148573,0.42091008861538537,0.4469029046249736,0.07719273467351495,0.8566399397150289,0.2937331444234893,0.7557298565652093,0.14916646971927927,0.11843915926037307,0.8391129010993394,2
0.9815956704901032,0.002745663661399056,0.8736123562231197,0.4860567063987554,0.9610844179112853,0.10608043626308805,0.17951279455430535,0.7004027748878172,0.6736520368177563,0.27985544799312545,0.04519994237909852,0.0940824696984558,0.3007927437320944,2
0.8219331072414342,0.668068169478046,0.19061497989761844,0.6312183165360961,0.6060095983902589,0.8132325484434049,0.17831567563431328,0.10841753991828418,0.4888636365052068,0.7981283527364604,0.03998174145706168,0.1471425011930536,0.11143227619704776,2
0.650926350560583,0.9392497882576751,0.7093107835742666,0.7217557888630182,0.38471364730273905,0.17561467861373214,0.05316864715790126,0.5827244103454174,0.6974293289623297,0.4157219024167287,0.14097871746698842,0.38789236723416554,0.3537206126747864,2
